text,sentiment
The movie is two hours long,Neutral
The course includes weekly assignments,Neutral
The application is inconvenient,Negative
I really enjoyed this experience,Positive
The movie was released in 2024,Neutral
The order number is 4582,Neutral
The device performs badly,Negative
I had a very bad experience,Negative
This movie was fantastic,Positive
The room had an unpleasant smell,Negative
The store is located downtown,Neutral
The presentation was impressive,Positive
The report was submitted yesterday,Neutral
The support team solved my problem,Positive
The product failed to meet my expectations,Negative
The restaurant has twenty tables,Neutral
The phone was manufactured in China,Neutral
The meeting room is on the second floor,Neutral
The instructions were not useful,Negative
The service was slow and unprofessional,Negative
The new version works much better,Positive
The staff was rude,Negative
The book was published in 2022,Neutral
The phone has a 5000mAh battery,Neutral
The food was disgusting,Negative
The keyboard feels comfortable,Positive
The package was delivered in the afternoon,Neutral
The application supports English language,Neutral
The presentation was disappointing,Negative
The report contains several tables,Neutral
The course was informative,Positive
The product is not worth the price,Negative
The checkout process was convenient,Positive
I would happily recommend this,Positive
The document contains five pages,Neutral
The instructions were unclear,Negative
Customer support was very helpful,Positive
I had a wonderful experience,Positive
The order arrived earlier than expected,Positive
The book was enjoyable to read,Positive
The instructions made everything easy,Positive
The package was carefully packed,Positive
The meeting lasts forty minutes,Neutral
The delivery person was polite,Positive
The order process was smooth,Positive
The device is easy to operate,Positive
The device uses a USB cable,Neutral
The course starts next week,Neutral
I am disappointed with the results,Negative
The package contains a charger,Neutral
The teacher was not supportive,Negative
The internet connection is unstable,Negative
The laptop weighs 1.5 kilograms,Neutral
The room had a relaxing atmosphere,Positive
The record contains item number 98,Neutral
The class lasts one hour,Neutral
The overall experience was positive,Positive
The delivery service was reliable,Positive
The delivery service was unreliable,Negative
The performance is impressive,Positive
The company has three branches,Neutral
The food was fresh and tasty,Positive
The app is very useful,Positive
The website provides little useful information,Negative
The book was unpleasant to read,Negative
The music was beautiful,Positive
The package arrived safely,Positive
The application has a login page,Neutral
The lesson was easy to understand,Positive
The headphones are uncomfortable,Negative
The phone keeps crashing,Negative
The battery drains quickly,Negative
The meeting is scheduled for Friday,Neutral
The instructions made everything confusing,Negative
The event was disappointing,Negative
The event takes place on Saturday,Neutral
The product exceeded my expectations,Positive
The app responds quickly,Positive
I enjoyed using this application,Positive
The course uses video lectures,Neutral
The device is difficult to operate,Negative
The phone charges very slowly,Negative
The instructions were clear,Positive
I would not recommend this,Negative
The design is attractive and modern,Positive
The website is confusing,Negative
The design looks terrible,Negative
The course material was helpful,Positive
The camera takes beautiful photos,Positive
The quality is outstanding,Positive
The interface is not user friendly,Negative
This product is terrible,Negative
The camera quality is impressive,Positive
The application requires an internet connection,Neutral
The service exceeded my expectations,Positive
The laptop runs smoothly,Positive
The design looks outdated,Negative
The experience was frustrating,Negative
The restaurant serves lunch at noon,Neutral
The results were excellent,Positive
The laptop screen measures 15 inches,Neutral
The battery performance is great,Positive
The book was interesting,Positive
The food was badly cooked,Negative
The meeting room has a projector,Neutral
The office closes at 5 PM,Neutral
The movie was a complete waste of time,Negative
The design looks great,Positive
The experience was worse than expected,Negative
The device performs very well,Positive
The product feels cheap,Negative
The package has a tracking number,Neutral
The headphones are comfortable,Positive
The meeting includes six people,Neutral
The course fee is listed online,Neutral
The laptop is extremely slow,Negative
The order arrived much later than promised,Negative
The company was established twenty years ago,Neutral
The overall experience was negative,Negative
The course has twelve lectures,Neutral
The computer starts quickly,Positive
The course material was not helpful,Negative
The app freezes frequently,Negative
The results were disappointing,Negative
The meal tasted terrible,Negative
The document was created last month,Neutral
I am pleased with the purchase,Positive
The performance is disappointing,Negative
The support was disappointing,Negative
The report has four sections,Neutral
The service failed to meet my expectations,Negative
The delivery was very late,Negative
The camera quality is poor,Negative
The course was confusing,Negative
The hotel has fifty rooms,Neutral
The order was placed through the website,Neutral
The computer takes forever to start,Negative
The package was badly packed,Negative
The new version made things worse,Negative
The service was excellent,Positive
The camera takes poor photos,Negative
The screen is too dim,Negative
The order process was complicated,Negative
The room was uncomfortable,Negative
The product comes in a cardboard box,Neutral
The class is held in room 12,Neutral
The interface is difficult to navigate,Negative
The movie had a great story,Positive
The event was enjoyable,Positive
The food was perfectly cooked,Positive
The book has 320 pages,Neutral
Customer support was not helpful,Negative
The event lasts three hours,Neutral
The hotel room was dirty,Negative
The laptop runs on a battery,Neutral
The package was sent on Tuesday,Neutral
The book contains ten chapters,Neutral
The service was quick and professional,Positive
The overall experience was disappointing and frustrating 99,Negative
The website provides useful information,Positive
The store opens at 9 AM,Neutral
The food was cold and tasteless,Negative
The delivery was fast,Positive
The response was helpful,Positive
The teacher explained everything well,Positive
The keyboard feels uncomfortable,Negative
The store accepts online orders,Neutral
The event is held in the main hall,Neutral
The system frequently stops working,Negative
The staff handled everything professionally,Positive
The support was excellent,Positive
The phone weighs 190 grams,Neutral
The building has four floors,Neutral
The headphones sound excellent,Positive
The results were very satisfying,Positive
The website contains five main pages,Neutral
The update caused more problems,Negative
The battery lasts a long time,Positive
The room number is 305,Neutral
The headphones sound awful,Negative
The product is available in three colors,Neutral
I love this product,Positive
The product is manufactured locally,Neutral
The office has twenty desks,Neutral
I hate this product,Negative
The computer uses a wireless connection,Neutral
The order contains three products,Neutral
The staff ignored my questions,Negative
The overall experience was excellent and satisfying 99,Positive
The update improved the app,Positive
The website loaded quickly,Positive
The service was extremely slow,Negative
The form has six sections,Neutral
The meeting starts at 3 PM,Neutral
The train arrives at noon,Neutral
I am satisfied with the results,Positive
The order was recorded in the system,Neutral
The company employs 200 people,Neutral
The interface is simple and clean,Positive
The package weighs two kilograms,Neutral
The food was delicious,Positive
The package arrived damaged,Negative
The product feels premium,Positive
The laptop has a 15 inch display,Neutral
The printer produces poor results,Negative
The company was founded in 2010,Neutral
The product is listed in the catalog,Neutral
I regret the purchase,Negative
The printer produces excellent results,Positive
The response was useless,Negative
The teacher explained the topic poorly,Negative
The website has a contact page,Neutral
The phone works perfectly,Positive
The system works without problems,Positive
The laptop has three USB ports,Neutral
The product is worth the price,Positive
The internet connection is stable,Positive
The phone supports Bluetooth,Neutral
The lesson was difficult to understand,Negative
The movie kept me entertained,Positive
The software is unreliable,Negative
The application was updated yesterday,Neutral
The class has thirty students,Neutral
The new design looks unattractive,Negative
The software is reliable,Positive
The report was written in English,Neutral
The quality is poor,Negative
The experience was better than expected,Positive
The package contains two items,Neutral
The laptop has a 512GB SSD,Neutral
The meal tasted great,Positive
The phone supports two SIM cards,Neutral
The package contains instruction papers,Neutral
The movie has three main characters,Neutral
I am unhappy with how the service worked 100,Negative
The website is easy to use,Positive
The experience was pleasant,Positive
The interface is user friendly,Positive
The phone uses a 6.5 inch display,Neutral
The phone has two cameras,Neutral
The device was purchased in August,Neutral
The phone has 8GB RAM,Neutral
The website loads slowly,Negative
The screen is bright and clear,Positive
The bus leaves at 7 AM,Neutral
The support team did not solve my problem,Negative
I had a horrible experience,Negative
The computer has sixteen gigabytes of memory,Neutral
The laptop has a backlit keyboard,Neutral
I am very happy with my purchase,Positive
This movie was boring,Negative
The new design looks attractive,Positive
The checkout process was frustrating,Negative
This product is amazing,Positive
The book was boring,Negative
I am very unhappy with my purchase,Negative
The product works better than expected,Positive
The teacher was supportive,Positive
The order was placed on Monday,Neutral
The repair was completed quickly,Positive
The product has excellent quality,Positive
The application is very convenient,Positive
The room has four windows,Neutral
The staff was friendly,Positive
The service was friendly and efficient,Positive
I disliked using this application,Negative
The movie has a 120 minute duration,Neutral
The repair took too long,Negative
The computer has a 2.4 GHz processor,Neutral
The product has a serial number,Neutral
The phone charges quickly,Positive
I appreciate the quick service,Positive
The movie had a weak story,Negative
The results were unsatisfying,Negative
The system stores reference number 99,Neutral
The laptop is slow and unreliable,Negative
The battery performance is terrible,Negative
The hotel room was clean and comfortable,Positive
The instructions were very useful,Positive
The class begins at 10 AM,Neutral
The restaurant closes at 11 PM,Neutral
The restaurant was wonderful,Positive
The delivery person was careless,Negative
The document has a reference number,Neutral
The product has poor quality,Negative
The store has two entrances,Neutral
The product works poorly,Negative
The music was unpleasant,Negative
The staff handled the situation badly,Negative
I am pleased with how the service worked 100,Positive
The laptop is fast and reliable,Positive
The phone was released in June,Neutral
The restaurant was disappointing,Negative
The document includes section 100,Neutral
The room was comfortable,Positive
The service was rude and inefficient,Negative
The staff answered all my questions,Positive
The app is difficult to use,Negative
The bus route has ten stops,Neutral
The service was awful,Negative
